[
  {
    "value": "vegetables",
    "synonyms": [
      "Vegetables",
      "Veggies",
      "Greens",
      "broccoli",
      "leek",
      "leeks",
      "carrot",
      "sprouts",
      "aubergine",
      "courgette",
      "zucchini",
      "tomato",
      "eggplant",
      "cauliflower",
      "corn",
      "onion",
      "sweetcorn",
      "cabbage",
      "kale",
      "spinach",
      "salad",
      "peas",
      "celery",
      "beans",
      "cucumber",
      "pepper",
      "mushrooms",
      "beetroot",
      "asparagus",
      "parsnips",
      "garlic"
    ]
  },
  {
    "value": "no",
    "synonyms": [
      "No",
      "Nope",
      "Can\u0027t",
      "Didn\u0027t",
      "Not",
      "Nothing",
      "Negative"
    ]
  },
  {
    "value": "fruits",
    "synonyms": [
      "pear",
      "banana",
      "apple",
      "peach",
      "apricot",
      "grape",
      "lychee",
      "pomegranate",
      "dragon fruit",
      "fruit juice",
      "orange",
      "watermelon",
      "melon",
      "pineapple",
      "blueberries",
      "raspberries",
      "strawberries",
      "mango",
      "berry",
      "lemon"
    ]
  },
  {
    "value": "dairy",
    "synonyms": [
      "dairy",
      "milk",
      "cheese",
      "yoghurt",
      "butter",
      "cream",
      "chocolate"
    ]
  },
  {
    "value": "protein",
    "synonyms": [
      "protein",
      "fish",
      "beef",
      "chicken",
      "pork",
      "veal",
      "mutton",
      "lamb",
      "steak",
      "halloumi",
      "almonds",
      "nuts",
      "peanuts",
      "cashews",
      "herring",
      "trout",
      "salmon",
      "poultry",
      "avocado",
      "eggs",
      "shellfish",
      "meat",
      "tuna",
      "tofu",
      "quorn",
      "hering",
      "bacon"
    ]
  },
  {
    "value": "sugar",
    "synonyms": [
      "sugar",
      "chocolate",
      "sweets",
      "candy",
      "ice cream",
      "cotton candy",
      "cake",
      "cookies",
      "biscuits",
      "pudding",
      "drink",
      "coke",
      "cola",
      "lemonade",
      "sprite",
      "fanta",
      "pepsi"
    ]
  },
  {
    "value": "carbs",
    "synonyms": [
      "carb",
      "pasta",
      "bread",
      "rice",
      "couscous",
      "bulgur",
      "quinoa",
      "falafel",
      "chickpea",
      "beans",
      "fries",
      "pizza",
      "muffins",
      "tortilla",
      "sandwich",
      "crisps",
      "bagel",
      "crackers",
      "lasagne",
      "beer",
      "wine"
    ]
  }
]