[
  {
    "id": "5c35e7ab-7f7c-4e7b-bba3-7586abf3f781",
    "data": [
      {
        "text": "you can call me ",
        "userDefined": false
      },
      {
        "text": "name",
        "alias": "name",
        "meta": "@sys.person",
        "userDefined": false
      }
    ],
    "isTemplate": false,
    "count": 0,
    "updated": 0
  },
  {
    "id": "4170dd0b-c5ed-429b-983a-db5a326a4011",
    "data": [
      {
        "text": "people call me ",
        "userDefined": false
      },
      {
        "text": "name",
        "alias": "name",
        "meta": "@sys.person",
        "userDefined": false
      }
    ],
    "isTemplate": false,
    "count": 0,
    "updated": 0
  },
  {
    "id": "19e3493c-a26a-4910-b86e-c694953db8d5",
    "data": [
      {
        "text": "call",
        "alias": "name",
        "meta": "@sys.person",
        "userDefined": true
      },
      {
        "text": " me",
        "userDefined": false
      }
    ],
    "isTemplate": false,
    "count": 0,
    "updated": 0
  },
  {
    "id": "25a6d460-4778-4ca4-ae57-491924f3c6d1",
    "data": [
      {
        "text": "name",
        "alias": "name",
        "meta": "@sys.person",
        "userDefined": true
      }
    ],
    "isTemplate": false,
    "count": 0,
    "updated": 0
  },
  {
    "id": "30f1d927-a8de-47b0-bd3d-fd4334825c57",
    "data": [
      {
        "text": "I am ",
        "userDefined": false
      },
      {
        "text": "name",
        "alias": "name",
        "meta": "@sys.person",
        "userDefined": true
      }
    ],
    "isTemplate": false,
    "count": 0,
    "updated": 0
  },
  {
    "id": "49f31ac8-19e6-4ce6-ba04-73b4b057cc52",
    "data": [
      {
        "text": "My name is ",
        "userDefined": false
      },
      {
        "text": "name",
        "alias": "name",
        "meta": "@sys.person",
        "userDefined": true
      }
    ],
    "isTemplate": false,
    "count": 0,
    "updated": 0
  },
  {
    "id": "d6def802-ac90-4b4a-a7a4-bed03a90175b",
    "data": [
      {
        "text": "name",
        "alias": "name",
        "meta": "@sys.person",
        "userDefined": true
      },
      {
        "text": " is my name",
        "userDefined": false
      }
    ],
    "isTemplate": false,
    "count": 0,
    "updated": 0
  }
]